{
  "Ansi 0 Color" : {
    "Red Component" : 0.14117647707462311,
    "Color Space" : "sRGB",
    "Blue Component" : 0.22745098173618317,
    "Alpha Component" : 1,
    "Green Component" : 0.15294118225574493
  },
  "Tags" : [

  ],
  "Ansi 12 Color" : {
    "Red Component" : 0.54117649793624878,
    "Color Space" : "sRGB",
    "Blue Component" : 0.95686274766921997,
    "Alpha Component" : 1,
    "Green Component" : 0.67843139171600342
  },
  "Ansi 1 Color" : {
    "Red Component" : 0.92941176891326904,
    "Color Space" : "sRGB",
    "Blue Component" : 0.58823531866073608,
    "Alpha Component" : 1,
    "Green Component" : 0.52941179275512695
  },
  "Ansi 7 Color" : {
    "Red Component" : 0.7921568751335144,
    "Color Space" : "sRGB",
    "Blue Component" : 0.96078431606292725,
    "Alpha Component" : 1,
    "Green Component" : 0.82745099067687988
  },
  "Bold Color" : {
    "Red Component" : 0.7921568751335144,
    "Color Space" : "sRGB",
    "Blue Component" : 0.96078431606292725,
    "Alpha Component" : 1,
    "Green Component" : 0.82745099067687988
  },
  "Ansi 8 Color" : {
    "Red Component" : 0.28627452254295349,
    "Color Space" : "sRGB",
    "Blue Component" : 0.39215686917304993,
    "Alpha Component" : 1,
    "Green Component" : 0.30196079611778259
  },
  "Ansi 9 Color" : {
    "Red Component" : 0.92941176891326904,
    "Color Space" : "sRGB",
    "Blue Component" : 0.58823531866073608,
    "Alpha Component" : 1,
    "Green Component" : 0.52941179275512695
  },
  "Link Color" : {
    "Red Component" : 0.71764707565307617,
    "Color Space" : "sRGB",
    "Blue Component" : 0.97254902124404907,
    "Alpha Component" : 1,
    "Green Component" : 0.74117648601531982
  },
  "Rows" : 35,
  "Default Bookmark" : "No",
  "Horizontal Spacing" : 1,
  "Blend" : 0.50293110280797104,
  "Cursor Guide Color" : {
    "Red Component" : 0.7921568751335144,
    "Color Space" : "sRGB",
    "Blue Component" : 0.96078431606292725,
    "Alpha Component" : 0.25,
    "Green Component" : 0.82745099067687988
  },
  "Non-ASCII Anti Aliased" : true,
  "Use Bright Bold" : true,
  "Ansi 10 Color" : {
    "Red Component" : 0.65098041296005249,
    "Color Space" : "sRGB",
    "Blue Component" : 0.58431375026702881,
    "Alpha Component" : 1,
    "Green Component" : 0.85490196943283081
  },
  "Icon" : 0,
  "Ambiguous Double Width" : false,
  "Jobs to Ignore" : [
    "rlogin",
    "ssh",
    "slogin",
    "telnet"
  ],
  "Show Status Bar" : false,
  "Ansi 15 Color" : {
    "Red Component" : 0.7921568751335144,
    "Color Space" : "sRGB",
    "Blue Component" : 0.96078431606292725,
    "Alpha Component" : 1,
    "Green Component" : 0.82745099067687988
  },
  "Foreground Color" : {
    "Red Component" : 0.7921568751335144,
    "Color Space" : "sRGB",
    "Blue Component" : 0.96078431606292725,
    "Alpha Component" : 1,
    "Green Component" : 0.82745099067687988
  },
  "Working Directory" : "\/Users\/theo",
  "Blinking Cursor" : true,
  "Disable Window Resizing" : true,
  "Sync Title" : false,
  "Prompt Before Closing 2" : false,
  "BM Growl" : true,
  "Command" : "tmux",
  "Custom Window Title" : "",
  "Description" : "Default",
  "Mouse Reporting" : true,
  "Screen" : -1,
  "Selection Color" : {
    "Red Component" : 0.43137255311012268,
    "Color Space" : "sRGB",
    "Blue Component" : 0.55294120311737061,
    "Alpha Component" : 1,
    "Green Component" : 0.45098039507865906
  },
  "Columns" : 150,
  "Idle Code" : 0,
  "Ansi 13 Color" : {
    "Red Component" : 0.7764706015586853,
    "Color Space" : "sRGB",
    "Blue Component" : 0.96470588445663452,
    "Alpha Component" : 1,
    "Green Component" : 0.62745100259780884
  },
  "Title Components" : 512,
  "Custom Command" : "No",
  "Use Custom Window Title" : false,
  "ASCII Anti Aliased" : true,
  "Non Ascii Font" : "Monaco 12",
  "Vertical Spacing" : 1.1000000000000001,
  "Use Bold Font" : true,
  "Option Key Sends" : 0,
  "Selected Text Color" : {
    "Red Component" : 0.14117647707462311,
    "Color Space" : "sRGB",
    "Blue Component" : 0.22745098173618317,
    "Alpha Component" : 1,
    "Green Component" : 0.15294118225574493
  },
  "Background Color" : {
    "Red Component" : 0.14117647707462311,
    "Color Space" : "sRGB",
    "Blue Component" : 0.22745098173618317,
    "Alpha Component" : 1,
    "Green Component" : 0.15294118225574493
  },
  "Character Encoding" : 4,
  "Ansi 11 Color" : {
    "Red Component" : 0.93333333730697632,
    "Color Space" : "sRGB",
    "Blue Component" : 0.62352943420410156,
    "Alpha Component" : 1,
    "Green Component" : 0.83137255907058716
  },
  "Use Italic Font" : true,
  "Unlimited Scrollback" : false,
  "Keyboard Map" : {
    "0xf700-0x260000" : {
      "Action" : 10,
      "Text" : "[1;6A"
    },
    "0x37-0x40000" : {
      "Action" : 11,
      "Text" : "0x1f"
    },
    "0x32-0x40000" : {
      "Action" : 11,
      "Text" : "0x00"
    },
    "0xf709-0x20000" : {
      "Action" : 10,
      "Text" : "[17;2~"
    },
    "0xf70c-0x20000" : {
      "Action" : 10,
      "Text" : "[20;2~"
    },
    "0xf729-0x20000" : {
      "Action" : 10,
      "Text" : "[1;2H"
    },
    "0xf72b-0x40000" : {
      "Action" : 10,
      "Text" : "[1;5F"
    },
    "0xf705-0x20000" : {
      "Action" : 10,
      "Text" : "[1;2Q"
    },
    "0xf703-0x260000" : {
      "Action" : 10,
      "Text" : "[1;6C"
    },
    "0xf700-0x220000" : {
      "Action" : 10,
      "Text" : "[1;2A"
    },
    "0xf701-0x280000" : {
      "Action" : 11,
      "Text" : "0x1b 0x1b 0x5b 0x42"
    },
    "0x38-0x40000" : {
      "Action" : 11,
      "Text" : "0x7f"
    },
    "0x33-0x40000" : {
      "Action" : 11,
      "Text" : "0x1b"
    },
    "0xf703-0x220000" : {
      "Action" : 10,
      "Text" : "[1;2C"
    },
    "0xf701-0x240000" : {
      "Action" : 10,
      "Text" : "[1;5B"
    },
    "0xf703-0x280000-0x0" : {
      "Version" : 0,
      "Action" : 11,
      "Text" : "0x1b 0x66",
      "Label" : ""
    },
    "0xf70d-0x20000" : {
      "Action" : 10,
      "Text" : "[21;2~"
    },
    "0xf702-0x260000" : {
      "Action" : 10,
      "Text" : "[1;6D"
    },
    "0xf729-0x40000" : {
      "Action" : 10,
      "Text" : "[1;5H"
    },
    "0xf706-0x20000" : {
      "Action" : 10,
      "Text" : "[1;2R"
    },
    "0x34-0x40000" : {
      "Action" : 11,
      "Text" : "0x1c"
    },
    "0xf700-0x280000" : {
      "Action" : 11,
      "Text" : "0x1b 0x1b 0x5b 0x41"
    },
    "0x2d-0x40000" : {
      "Action" : 11,
      "Text" : "0x1f"
    },
    "0xf70e-0x20000" : {
      "Action" : 10,
      "Text" : "[23;2~"
    },
    "0xf702-0x220000" : {
      "Action" : 10,
      "Text" : "[1;2D"
    },
    "0xf700-0x240000" : {
      "Action" : 10,
      "Text" : "[1;5A"
    },
    "0xf707-0x20000" : {
      "Action" : 10,
      "Text" : "[1;2S"
    },
    "0xf70a-0x20000" : {
      "Action" : 10,
      "Text" : "[18;2~"
    },
    "0x35-0x40000" : {
      "Action" : 11,
      "Text" : "0x1d"
    },
    "0xf70f-0x20000" : {
      "Action" : 10,
      "Text" : "[24;2~"
    },
    "0xf703-0x240000" : {
      "Action" : 10,
      "Text" : "[1;5C"
    },
    "0xf701-0x260000" : {
      "Action" : 10,
      "Text" : "[1;6B"
    },
    "0xf72b-0x20000" : {
      "Action" : 10,
      "Text" : "[1;2F"
    },
    "0x36-0x40000" : {
      "Action" : 11,
      "Text" : "0x1e"
    },
    "0xf708-0x20000" : {
      "Action" : 10,
      "Text" : "[15;2~"
    },
    "0xf701-0x220000" : {
      "Action" : 10,
      "Text" : "[1;2B"
    },
    "0xf70b-0x20000" : {
      "Action" : 10,
      "Text" : "[19;2~"
    },
    "0xf702-0x280000-0x0" : {
      "Version" : 0,
      "Action" : 11,
      "Text" : "0x1b 0x62",
      "Label" : ""
    },
    "0xf702-0x240000" : {
      "Action" : 10,
      "Text" : "[1;5D"
    },
    "0xf704-0x20000" : {
      "Action" : 10,
      "Text" : "[1;2P"
    }
  },
  "Window Type" : 0,
  "Background Image Location" : "",
  "Blur" : false,
  "Initial Text" : "",